{
  "metadata": {
    "total_simulations": 150,
    "timestamp_gerado": "2026-01-28T18:06:45.069402"
  },
  "iff_statistics": {
    "M\u00e9dia": 0.909354,
    "Mediana": 0.90845,
    "Desvio Padr\u00e3o": 0.01926574534307357,
    "M\u00ednimo": 0.856,
    "M\u00e1ximo": 0.9518,
    "Q1": 0.899,
    "Q3": 0.9218000000000001
  },
  "uncertainty_statistics": {
    "M\u00e9dia": 0.02331666666666667,
    "M\u00e1xima": 0.066,
    "M\u00ednima": 0.001
  },
  "decisions_distribution": {
    "WARNING": 107,
    "BLOCKED": 41,
    "OPERATIONAL": 2
  },
  "failure_modes_distribution": {
    "sensor_drift": 37,
    "communication_delay": 35,
    "combined": 28,
    "none": 27,
    "model_error": 23
  },
  "scenarios_distribution": {
    "fault_condition": 46,
    "transient": 36,
    "steady_state": 35,
    "recovery": 33
  },
  "hil_metrics": {
    "sync_rate_percent": 100.0,
    "latency_mean_ms": 49.09,
    "jitter_mean_ms": 4.057333333333334
  },
  "dimensions_statistics": {
    "D1 (Estado)": {
      "mean": 0.9228866666666666,
      "std": 0.03736883219591965,
      "min": 0.7456,
      "max": 1.0
    },
    "D2 (Din\u00e2mica)": {
      "mean": 0.9011980000000002,
      "std": 0.03517643061967685,
      "min": 0.7911,
      "max": 0.9871
    },
    "D3 (Energia)": {
      "mean": 0.9146280000000001,
      "std": 0.033961207874109195,
      "min": 0.8321,
      "max": 1.0
    },
    "D4 (Estabilidade)": {
      "mean": 0.8986939999999999,
      "std": 0.04067562670757135,
      "min": 0.77,
      "max": 1.0
    }
  }
}